,Recall@1,Recall@2,MRR
0,0.24830699774266365,0.5056433408577878,0.5232317531978915
