,Recall@1,Recall@2,MRR
0,0.2878103837471783,0.5654627539503385,0.5551166290443923
