,Recall@1,Recall@2,MRR
0,0.25395033860045146,0.5056433408577878,0.5262415349887113
