,Recall@1,Recall@2,MRR
0,0.22234762979683972,0.47968397291196385,0.5021632806621503
