,Recall@1,Recall@2,MRR
0,0.26636568848758463,0.5349887133182845,0.5394093303235495
