,Recall@1,Recall@2,MRR
0,0.24604966139954854,0.4909706546275395,0.5146726862302465
