,Recall@1,Recall@2,MRR
0,0.23702031602708803,0.5079006772009029,0.5174003009781775
