,Recall@1,Recall@2,MRR
0,0.24492099322799096,0.481941309255079,0.5114747930775002
