,Recall@1,Recall@2,MRR
0,0.2234762979683973,0.4717832957110609,0.5022573363431131
