,Recall@1,Recall@2,MRR
0,0.2381489841986456,0.47516930022573367,0.5080887885628277
