,Recall@1,Recall@2,MRR
0,0.2878103837471783,0.5451467268623025,0.5509781790820147
