,Recall@1,Recall@2,MRR
0,0.29571106094808125,0.5406320541760722,0.5544582392776507
