,Recall@1,Recall@2,MRR
0,0.21896162528216703,0.5,0.5066779533483804
