,Recall@1,Recall@2,MRR
0,0.22686230248307,0.4853273137697517,0.5066779533483805
