,Recall@1,Recall@2,MRR
0,0.3002257336343115,0.5496613995485327,0.5573739653875076
