,Recall@1,Recall@2,MRR
0,0.27878103837471785,0.5316027088036117,0.5435477802859272
