,Recall@1,Recall@2,MRR
0,0.22234762979683972,0.46501128668171554,0.5000940556809615
