,Recall@1,Recall@2,MRR
0,0.3002257336343115,0.5451467268623025,0.558596689240028
