,Recall@1,Recall@2,MRR
0,0.2765237020316027,0.5259593679458239,0.5403498871331812
