,Recall@1,Recall@2,MRR
0,0.2765237020316027,0.5304740406320542,0.543359668924001
