,Recall@1,Recall@2,MRR
0,0.255079006772009,0.5033860045146726,0.5225733634311496
