,Recall@1,Recall@2,MRR
0,0.17945823927765236,0.43002257336343114,0.47027840481564953
