,Recall@1,Recall@2,MRR
0,0.2178329571106095,0.4954853273137697,0.5035741158765975
