,Recall@1,Recall@2,MRR
0,0.2697516930022573,0.5090293453724605,0.5348006019563565
