,Recall@1,Recall@2,MRR
0,0.2832957110609481,0.5496613995485327,0.5492851768246786
