,Recall@1,Recall@2,MRR
0,0.21331828442437922,0.48306997742663654,0.4989653875094039
