,Recall@1,Recall@2,MRR
0,0.3013544018058691,0.54627539503386,0.5592550790067703
