,Recall@1,Recall@2,MRR
0,0.24604966139954854,0.489841986455982,0.5171181339352883
