,Recall@1,Recall@2,MRR
0,0.23589164785553046,0.4853273137697517,0.5111926260346108
