,Recall@1,Recall@2,MRR
0,0.2652370203160271,0.5214446952595937,0.5348946576373197
