,Recall@1,Recall@2,MRR
0,0.2799097065462754,0.5338600451467268,0.545617005267116
