,Recall@1,Recall@2,MRR
0,0.24040632054176073,0.5079006772009029,0.5189992475545506
