,Recall@1,Recall@2,MRR
0,0.2562076749435666,0.5090293453724606,0.5279345372460478
