,Recall@1,Recall@2,MRR
0,0.2866817155756208,0.5316027088036117,0.5496613995485307
