,Recall@1,Recall@2,MRR
0,0.24379232505643342,0.46952595936794583,0.5120391271632789
