,Recall@1,Recall@2,MRR
0,0.23589164785553046,0.4808126410835214,0.5105342362678689
