,Recall@1,Recall@2,MRR
0,0.2708803611738149,0.5462753950338601,0.5431715575620748
