,Recall@1,Recall@2,MRR
0,0.2595936794582393,0.5033860045146727,0.5251128668171541
