,Recall@1,Recall@2,MRR
0,0.24040632054176073,0.49435665914221216,0.5151429646350629
