,Recall@1,Recall@2,MRR
0,0.2595936794582393,0.5270880361173815,0.5333897667419093
