,Recall@1,Recall@2,MRR
0,0.24153498871331827,0.4853273137697517,0.513638073739652
