,Recall@1,Recall@2,MRR
0,0.20316027088036118,0.4706546275395034,0.4926636568848739
