,Recall@1,Recall@2,MRR
0,0.2381489841986456,0.47968397291196385,0.5126034612490574
