,Recall@1,Recall@2,MRR
0,0.22460496613995484,0.48306997742663654,0.5046087283671918
