,Recall@1,Recall@2,MRR
0,0.26410835214446954,0.5293453724604966,0.5364936042136925
