,Recall@1,Recall@2,MRR
0,0.2144469525959368,0.46952595936794583,0.49793077501880906
