,Recall@1,Recall@2,MRR
0,0.24717832957110608,0.4909706546275395,0.5189992475545505
