,Recall@1,Recall@2,MRR
0,0.24492099322799096,0.49661399548532725,0.5204100827689974
