,Recall@1,Recall@2,MRR
0,0.2562076749435666,0.5169300225733635,0.5318848758464992
