,Recall@1,Recall@2,MRR
0,0.27878103837471785,0.5496613995485328,0.5473100075244525
