,Recall@1,Recall@2,MRR
0,0.2832957110609481,0.5451467268623025,0.5484386756960103
