,Recall@1,Recall@2,MRR
0,0.24379232505643342,0.4762979683972912,0.5145786305492834
