,Recall@1,Recall@2,MRR
0,0.21670428893905191,0.4762979683972912,0.4991534988713306
