,Recall@1,Recall@2,MRR
0,0.29683972911963885,0.5406320541760723,0.5543641835966873
