,Recall@1,Recall@2,MRR
0,0.23363431151241534,0.47291196388261847,0.5051730624529707
