,Recall@1,Recall@2,MRR
0,0.22234762979683972,0.49435665914221216,0.5051730624529708
