,Recall@1,Recall@2,MRR
0,0.29006772009029347,0.5451467268623025,0.5515425131677935
