,Recall@1,Recall@2,MRR
0,0.23927765237020315,0.4966139954853273,0.5162716328066195
