,Recall@1,Recall@2,MRR
0,0.2584650112866817,0.5067720090293454,0.5246425884123382
