,Recall@1,Recall@2,MRR
0,0.2144469525959368,0.46501128668171554,0.49623777276147285
