,Recall@1,Recall@2,MRR
0,0.24830699774266365,0.4830699774266366,0.5141083521444678
