,Recall@1,Recall@2,MRR
0,0.23927765237020315,0.47404063205417607,0.5085590669676433
