,Recall@1,Recall@2,MRR
0,0.19977426636568849,0.4571106094808126,0.48598570353649245
