,Recall@1,Recall@2,MRR
0,0.2832957110609481,0.5417607223476297,0.546651617757711
