,Recall@1,Recall@2,MRR
0,0.2528216704288939,0.5316027088036117,0.5315086531226467
