,Recall@1,Recall@2,MRR
0,0.24717832957110608,0.5191873589164786,0.5242663656884861
