,Recall@1,Recall@2,MRR
0,0.2325056433408578,0.49661399548532736,0.5126975169300211
