,Recall@1,Recall@2,MRR
0,0.20090293453724606,0.44808126410835214,0.48457486832204505
