,Recall@1,Recall@2,MRR
0,0.2799097065462754,0.536117381489842,0.54542889390519
