,Recall@1,Recall@2,MRR
0,0.24604966139954854,0.47742663656884876,0.5165537998495092
