,Recall@1,Recall@2,MRR
0,0.24830699774266365,0.4762979683972912,0.5133559066967629
