,Recall@1,Recall@2,MRR
0,0.22460496613995484,0.47629796839729116,0.5032919488337076
