,Recall@1,Recall@2,MRR
0,0.2110609480812641,0.4616252821670429,0.492193378480059
