,Recall@1,Recall@2,MRR
0,0.2866817155756208,0.5191873589164786,0.5460872836719319
