,Recall@1,Recall@2,MRR
0,0.28555304740406323,0.5417607223476298,0.5510722347629774
