,Recall@1,Recall@2,MRR
0,0.255079006772009,0.5022573363431151,0.5250188111361906
