,Recall@1,Recall@2,MRR
0,0.23927765237020315,0.5033860045146727,0.5173062452972143
