,Recall@1,Recall@2,MRR
0,0.26297968397291194,0.5135440180586908,0.5282167042889373
