,Recall@1,Recall@2,MRR
0,0.23589164785553046,0.48306997742663654,0.5121331828442421
