,Recall@1,Recall@2,MRR
0,0.2866817155756208,0.5417607223476297,0.5506019563581618
