,Recall@1,Recall@2,MRR
0,0.28103837471783294,0.5372460496613995,0.5477802859292684
