,Recall@1,Recall@2,MRR
0,0.23927765237020315,0.4717832957110609,0.5080887885628277
