,Recall@1,Recall@2,MRR
0,0.2200902934537246,0.46501128668171554,0.4994356659142194
