,Recall@1,Recall@2,MRR
0,0.15575620767494355,0.41196388261851014,0.45588788562829047
