,Recall@1,Recall@2,MRR
0,0.291196388261851,0.5575620767494356,0.5543641835966875
