,Recall@1,Recall@2,MRR
0,0.23589164785553046,0.49209932279909707,0.512603461249058
