,Recall@1,Recall@2,MRR
0,0.19187358916478556,0.43905191873589167,0.4789315274642573
