,Recall@1,Recall@2,MRR
0,0.29006772009029347,0.5417607223476297,0.5516365688487566
