,Recall@1,Recall@2,MRR
0,0.2562076749435666,0.5045146726862303,0.5230436418359651
