,Recall@1,Recall@2,MRR
0,0.24830699774266365,0.5146726862302483,0.5243604213694488
