,Recall@1,Recall@2,MRR
0,0.2054176072234763,0.4650112866817156,0.49144093303235364
