,Recall@1,Recall@2,MRR
0,0.26636568848758463,0.5214446952595937,0.5373401053423608
