,Recall@1,Recall@2,MRR
0,0.24492099322799096,0.49435665914221216,0.5150489089540992
