,Recall@1,Recall@2,MRR
0,0.24830699774266365,0.5169300225733634,0.5267118133935272
