,Recall@1,Recall@2,MRR
0,0.2505643340857788,0.4875846501128668,0.5161775771256566
