,Recall@1,Recall@2,MRR
0,0.29345372460496616,0.5541760722347631,0.555492851768245
