,Recall@1,Recall@2,MRR
0,0.23363431151241534,0.4875846501128668,0.5120391271632788
