,Recall@1,Recall@2,MRR
0,0.2234762979683973,0.5033860045146727,0.5088412340105327
