,Recall@1,Recall@2,MRR
0,0.2697516930022573,0.520316027088036,0.5383747178329551
