,Recall@1,Recall@2,MRR
0,0.23024830699774265,0.5011286681715575,0.5116629044394264
