,Recall@1,Recall@2,MRR
0,0.24153498871331827,0.4909706546275395,0.5158954100827675
