,Recall@1,Recall@2,MRR
0,0.27878103837471785,0.5214446952595937,0.54241911211437
