,Recall@1,Recall@2,MRR
0,0.18961625282167044,0.435665914221219,0.47535741158765843
