,Recall@1,Recall@2,MRR
0,0.21557562076749437,0.47742663656884876,0.4983069977426619
